[{"province":"河北省","city":"邯郸市","area":"广平县","name":"人民路邮政支局","code":"057650","address":"河北省邯郸市广平县人民路东段263号","phone":"0310-2520046"},{"province":"河北省","city":"邯郸市","area":"广平县","name":"南阳堡邮政所","code":"057650","address":"河北省邯郸市广平县南阳堡乡政府院内","phone":"17731004244"},{"province":"河北省","city":"邯郸市","area":"广平县","name":"十里铺邮政所","code":"057650","address":"河北省邯郸市广平县十里铺乡政府院内","phone":"15188912925"},{"province":"河北省","city":"邯郸市","area":"广平县","name":"南韩村邮政所","code":"057650","address":"河北省邯郸市广平县南韩村乡昌盛路145号","phone":"15354008304"},{"province":"河北省","city":"邯郸市","area":"广平县","name":"胜营邮政所","code":"057650","address":"河北省邯郸市广平县胜营镇胜辛东路83号","phone":"0310-2681005"}]