[{"province":"北京市","city":"北京市","area":"朝阳区","name":"三间房邮政支局","code":"100024","address":"北京市朝阳区三间房乡三间房西村223号","phone":"010-65762453"},{"province":"北京市","city":"北京市","area":"朝阳区","name":"定福庄邮政所","code":"100024","address":"北京市朝阳区三间房街道定福庄东街1号中国传媒大学东门外","phone":"010-65761027"},{"province":"北京市","city":"北京市","area":"朝阳区","name":"管庄邮政所","code":"100024","address":"北京市朝阳区管庄管庄东里1号","phone":"010-65722937"},{"province":"北京市","city":"北京市","area":"朝阳区","name":"北花园邮政所","code":"100024","address":"北京市朝阳区三间房定福庄西街甲1号","phone":"010-65751641"},{"province":"北京市","city":"北京市","area":"朝阳区","name":"常营中路邮政所","code":"100024","address":"北京市朝阳区常营常营中路2号院","phone":"010-57920510"},{"province":"北京市","city":"北京市","area":"朝阳区","name":"常营邮政所","code":"100024","address":"北京市朝阳区常营民族家园C区89楼11-12号","phone":"13701221983"}]