[{"province":"北京市","city":"北京市","area":"昌平区","name":"东三旗邮政支局","code":"102209","address":"北京市昌平区东小口镇东三旗村西","phone":"010-61758457"},{"province":"北京市","city":"北京市","area":"昌平区","name":"北七家邮政所","code":"102209","address":"北京市昌平区北七家镇英才南一街3号院2号楼101号","phone":"010-69751042"},{"province":"北京市","city":"北京市","area":"昌平区","name":"太阳城邮政所","code":"102209","address":"北京市昌平区小汤山镇立汤路30号","phone":"010-61758457"},{"province":"北京市","city":"北京市","area":"昌平区","name":"宏福邮政所","code":"102209","address":"北京市北京昌平北七家镇宏福水城广场一层131号","phone":"010-80140339"},{"province":"北京市","city":"北京市","area":"昌平区","name":"天通中苑邮政支局","code":"102209","address":"北京市昌平区卓兴路1号院1号楼1至4层101","phone":"010-84679523"}]