[{"province":"辽宁省","city":"鞍山市","area":"台安县","name":"环路邮政支局","code":"114199","address":"辽宁省鞍山市台安县台安镇鞍羊路","phone":"0412-4841185"},{"province":"辽宁省","city":"鞍山市","area":"台安县","name":"恩良路邮政支局","code":"114199","address":"辽宁省鞍山市台安县台安镇恩良路北","phone":"0412-4820185"},{"province":"辽宁省","city":"鞍山市","area":"台安县","name":"光裕邮政支局","code":"114199","address":"辽宁省鞍山市台安县台安镇光明街","phone":"0412-4941185"},{"province":"辽宁省","city":"鞍山市","area":"台安县","name":"安园邮政支局","code":"114199","address":"辽宁省鞍山市台安县台安镇台盘路","phone":"0412-4851185"},{"province":"辽宁省","city":"鞍山市","area":"台安县","name":"中鑫邮政支局","code":"114199","address":"辽宁省鞍山市台安县胜利路北","phone":"0412-4848185"},{"province":"辽宁省","city":"鞍山市","area":"台安县","name":"大庆路邮政支局","code":"114199","address":"辽宁省鞍山市台安县繁荣街北段路东众达尚城","phone":"0412-4813185"},{"province":"辽宁省","city":"鞍山市","area":"台安县","name":"繁荣邮政支局","code":"114199","address":"辽宁省鞍山市台安县胜利路","phone":"0412-4871185"}]