[{"province":"辽宁省","city":"鞍山市","area":"岫岩满族自治县","name":"北市邮政支局（暂停）","code":"114399","address":"辽宁省鞍山市岫岩满族自治县北市","phone":"15742221622"},{"province":"辽宁省","city":"鞍山市","area":"岫岩满族自治县","name":"中心街邮政支局","code":"114399","address":"辽宁省鞍山市岫岩满族自治县中心街35号","phone":"18741222668"},{"province":"辽宁省","city":"鞍山市","area":"岫岩满族自治县","name":"北街邮政支局（暂停）","code":"114399","address":"辽宁省鞍山市岫岩满族自治县山城路","phone":"13029397799"},{"province":"辽宁省","city":"鞍山市","area":"岫岩满族自治县","name":"偏岭邮政支局","code":"114399","address":"辽宁省鞍山市岫岩满族自治县偏岭镇王家堡村","phone":"15942209889"},{"province":"辽宁省","city":"鞍山市","area":"岫岩满族自治县","name":"商贸邮政支局","code":"114399","address":"辽宁省鞍山市岫岩满族自治县山城路（商贸城）","phone":"15842221558"},{"province":"辽宁省","city":"鞍山市","area":"岫岩满族自治县","name":"兴隆邮政支局","code":"114399","address":"辽宁省鞍山市岫岩满族自治县兴隆镇办事处","phone":"13188016999"},{"province":"辽宁省","city":"鞍山市","area":"岫岩满族自治县","name":"南街邮政支局","code":"114399","address":"辽宁省鞍山市岫岩满族自治县四道街双眼井附近","phone":"13464962111"},{"province":"辽宁省","city":"鞍山市","area":"岫岩满族自治县","name":"北山城邮政支局","code":"114399","address":"辽宁省鞍山市岫岩满族自治县站前大街","phone":"17741238777"}]