[{"province":"辽宁省","city":"阜新市","area":"太平区","name":"城南邮政支局","code":"123003","address":"阜新市太平区海新路243-101","phone":"0418-2413460"},{"province":"辽宁省","city":"阜新市","area":"太平区","name":"太平小街邮政支局","code":"123003","address":"阜新市太平区红三街18号109网","phone":"0418-2461077"},{"province":"辽宁省","city":"阜新市","area":"太平区","name":"高德邮政支局","code":"123003","address":"辽宁省阜新市太平区煤城东路14号-8门","phone":"0418-2485866"},{"province":"辽宁省","city":"阜新市","area":"太平区","name":"红树邮政支局","code":"123003","address":"阜新市太平区人民大街53号53-24门","phone":"0418-2450567"}]