[{"province":"黑龙江省","city":"七台河市","area":"勃利县","name":"勃利邮政支局","code":"154599","address":"黑龙江省勃利县中心大街127号（邻近有银行网点开办，邻近100米）","phone":"0464-8521257"},{"province":"黑龙江省","city":"七台河市","area":"勃利县","name":"友谊邮政支局","code":"154599","address":"黑龙江省七台河市勃利县康华街214号","phone":"0464-8522005"},{"province":"黑龙江省","city":"七台河市","area":"勃利县","name":"鑫鑫邮政支局","code":"154599","address":"黑龙江省七台河市勃利县友谊东街116号","phone":"0464-8556318"},{"province":"黑龙江省","city":"七台河市","area":"勃利县","name":"学府路邮政支局","code":"154599","address":"黑龙江省七台河市勃利县向阳街84号","phone":"0464-8529146"},{"province":"黑龙江省","city":"七台河市","area":"勃利县","name":"鸿雁邮政支局","code":"154599","address":"黑龙江省七台河市勃利县友谊东街186号","phone":"0464-8558707"}]