[{"province":"黑龙江省","city":"齐齐哈尔市","area":"铁锋区","name":"铁东邮政支局","code":"161002","address":"齐齐哈尔市铁锋区中华东路315号","phone":"0452-2519944"},{"province":"黑龙江省","city":"齐齐哈尔市","area":"铁锋区","name":"东湖邮政支局（暂停）","code":"161002","address":"齐齐哈尔市铁锋区通南街50号","phone":"0452-2516405"},{"province":"黑龙江省","city":"齐齐哈尔市","area":"铁锋区","name":"南浦邮政支局","code":"161002","address":"齐齐哈尔市铁锋区立建街20号","phone":"0452-2429913"},{"province":"黑龙江省","city":"齐齐哈尔市","area":"铁锋区","name":"南树园邮政支局（暂停）","code":"161002","address":"齐齐哈尔市铁锋区站前南大街155号","phone":"0452-2139269"},{"province":"黑龙江省","city":"齐齐哈尔市","area":"铁锋区","name":"新兴邮政支局","code":"161002","address":"齐齐哈尔市铁锋区新兴街9号","phone":"0452-2642401"},{"province":"黑龙江省","city":"齐齐哈尔市","area":"铁锋区","name":"光荣路邮政支局","code":"161002","address":"齐齐哈尔市曙光大街东侧6号","phone":"0452-2518838"},{"province":"黑龙江省","city":"齐齐哈尔市","area":"铁锋区","name":"扎龙邮政所","code":"161002","address":"铁锋区扎龙乡宛屯村","phone":"0452-2462896"}]