[{"province":"黑龙江省","city":"大庆市","area":"龙凤区","name":"湖滨邮政支局","code":"163316","address":"黑龙江省大庆市龙凤区学伟大街70号","phone":"0459-8850105"},{"province":"黑龙江省","city":"大庆市","area":"龙凤区","name":"靓湖邮政支局","code":"163316","address":"黑龙江省大庆市龙凤区高新区盐湖路5-2号","phone":"0459-4336783"},{"province":"黑龙江省","city":"大庆市","area":"龙凤区","name":"开发区邮政支局","code":"163316","address":"黑龙江省大庆市龙凤区开发区新科北路8号(附近有邮政储蓄网点)","phone":"0459-6296284"},{"province":"黑龙江省","city":"大庆市","area":"龙凤区","name":"黎明邮政支局","code":"163316","address":"黑龙江省大庆市龙凤区黎明西街24号","phone":"0459-6299976"}]