[{"province":"江苏省","city":"镇江市","area":"扬中市","name":"城东邮政支局","code":"212201","address":"镇江市扬中市三茅街道江洲南路35号","phone":"0511-88321973"},{"province":"江苏省","city":"镇江市","area":"扬中市","name":"江洲路邮政支局","code":"212201","address":"镇江市扬中市三茅街道江洲西路50号","phone":"0511-88321241"},{"province":"江苏省","city":"镇江市","area":"扬中市","name":"城西邮政支局","code":"212201","address":"镇江市扬中市三茅街道扬子西路100号","phone":"0511-88226981"},{"province":"江苏省","city":"镇江市","area":"扬中市","name":"江洲路邮政支局","code":"212201","address":"镇江市扬中市三茅街道江洲西路50号","phone":"0511-88321241"},{"province":"江苏省","city":"镇江市","area":"扬中市","name":"城西邮政支局","code":"212201","address":"镇江市扬中市三茅街道扬子西路100号","phone":"0511-88226981"}]