[{"province":"江苏省","city":"苏州市","area":"常熟市","name":"兴隆邮政支局","code":"215516","address":"常熟市琴川街道兴隆九里大街19号","phone":"0512-52753755"},{"province":"江苏省","city":"苏州市","area":"常熟市","name":"衡山路邮政支局","code":"215516","address":"常熟市琴川街道衡山路56-1号","phone":"0512-52894745"},{"province":"江苏省","city":"苏州市","area":"常熟市","name":"龙腾邮政所","code":"215516","address":"江苏省苏州市常熟市琴川街道杨虹路58-5号","phone":"0512-52309431"},{"province":"江苏省","city":"苏州市","area":"常熟市","name":"长江路邮政所","code":"215516","address":"江苏省苏州市常熟市琴川街道长江路53号","phone":"0512-52831455"}]