[{"province":"江苏省","city":"徐州市","area":"丰县","name":"中阳路邮政支局","code":"221799","address":"江苏省徐州市丰县中阳里街道中阳大道8","phone":"0516-89228076"},{"province":"江苏省","city":"徐州市","area":"丰县","name":"向阳路邮政支局","code":"221799","address":"徐州市丰县大同路与向阳路交汇处","phone":"0516-89223073"},{"province":"江苏省","city":"徐州市","area":"丰县","name":"汇丰邮政支局","code":"221799","address":"徐州市丰县汇丰社区","phone":"0516-89225414"},{"province":"江苏省","city":"徐州市","area":"丰县","name":"东关邮政支局","code":"221799","address":"徐州市丰县解放东路东关社区","phone":"0516-89228091"},{"province":"江苏省","city":"徐州市","area":"丰县","name":"凤凰嗉邮政支局","code":"221799","address":"徐州市丰县人民西路凤凰嗉社区","phone":"0516-89234683"},{"province":"江苏省","city":"徐州市","area":"丰县","name":"商城邮政支局","code":"221799","address":"江苏省徐州市丰县中阳里街道人民东路招商场商铺","phone":"0516-89238918"},{"province":"江苏省","city":"徐州市","area":"丰县","name":"向阳南路邮政支局","code":"221799","address":"江苏省徐州市丰县中阳里街道向阳南路中阳商城商铺","phone":"0516-89281880"}]