[{"province":"江苏省","city":"盐城市","area":"滨海县","name":"阜东邮政支局","code":"224500","address":"江苏省盐城市滨海县东坎镇新建中路1号","phone":"0515-84222801"},{"province":"江苏省","city":"盐城市","area":"滨海县","name":"城西邮政支局","code":"224500","address":"江苏省盐城市滨海县东坎镇人民北路219号","phone":"0515-84220724"},{"province":"江苏省","city":"盐城市","area":"滨海县","name":"城东邮政支局","code":"224500","address":"滨海县东坎镇中市中路75-2号","phone":"0515-84220714"},{"province":"江苏省","city":"盐城市","area":"滨海县","name":"向阳路邮政支局","code":"224500","address":"江苏省盐市滨海县东坎镇向阳大道101号","phone":"0515-84101674"},{"province":"江苏省","city":"盐城市","area":"滨海县","name":"坎北邮政支局","code":"224500","address":"江苏省滨海县东坎镇阜东北路672号","phone":"0515-84131111"},{"province":"江苏省","city":"盐城市","area":"滨海县","name":"迎宾路邮政支局","code":"224500","address":"江苏省盐城市滨海县东坎镇迎宾大道15-2","phone":"0515-84225966"},{"province":"江苏省","city":"盐城市","area":"滨海县","name":"城西邮政支局","code":"224500","address":"江苏省盐城市滨海县东坎镇人民北路219号","phone":"0515-84220724"},{"province":"江苏省","city":"盐城市","area":"滨海县","name":"城东邮政支局","code":"224500","address":"滨海县东坎镇中市中路75-2号","phone":"0515-84220714"},{"province":"江苏省","city":"盐城市","area":"滨海县","name":"向阳路邮政支局","code":"224500","address":"江苏省盐市滨海县东坎镇向阳大道101号","phone":"0515-84101674"},{"province":"江苏省","city":"盐城市","area":"滨海县","name":"坎北邮政支局","code":"224500","address":"江苏省滨海县东坎镇阜东北路672号","phone":"0515-84131111"},{"province":"江苏省","city":"盐城市","area":"滨海县","name":"迎宾路邮政支局","code":"224500","address":"江苏省盐城市滨海县东坎镇迎宾大道15-2","phone":"0515-84225966"},{"province":"江苏省","city":"盐城市","area":"滨海县","name":"城西邮政支局","code":"224500","address":"江苏省盐城市滨海县东坎镇人民北路219号","phone":"0515-84220724"},{"province":"江苏省","city":"盐城市","area":"滨海县","name":"城东邮政支局","code":"224500","address":"滨海县东坎镇中市中路75-2号","phone":"0515-84220714"},{"province":"江苏省","city":"盐城市","area":"滨海县","name":"向阳路邮政支局","code":"224500","address":"江苏省盐市滨海县东坎镇向阳大道101号","phone":"0515-84101674"},{"province":"江苏省","city":"盐城市","area":"滨海县","name":"坎北邮政支局","code":"224500","address":"江苏省滨海县东坎镇阜东北路672号","phone":"0515-84131111"},{"province":"江苏省","city":"盐城市","area":"滨海县","name":"城西邮政支局","code":"224500","address":"江苏省盐城市滨海县东坎镇人民北路219号","phone":"0515-84220724"},{"province":"江苏省","city":"盐城市","area":"滨海县","name":"城东邮政支局","code":"224500","address":"滨海县东坎镇中市中路75-2号","phone":"0515-84220714"},{"province":"江苏省","city":"盐城市","area":"滨海县","name":"向阳路邮政支局","code":"224500","address":"江苏省盐市滨海县东坎镇向阳大道101号","phone":"0515-84101674"},{"province":"江苏省","city":"盐城市","area":"滨海县","name":"坎北邮政支局","code":"224500","address":"江苏省滨海县东坎镇阜东北路672号","phone":"0515-84131111"}]