[{"province":"江苏省","city":"泰州市","area":"姜堰区","name":"通扬邮政支局","code":"225500","address":"泰州市姜堰区罗塘街道东方不夜城13幢105--106室","phone":"0523-88122578"},{"province":"江苏省","city":"泰州市","area":"姜堰区","name":"城西邮政所","code":"225500","address":"江苏省泰州市姜堰区三水街道姜堰大道92号","phone":"0523-80187622"},{"province":"江苏省","city":"泰州市","area":"姜堰区","name":"南苑邮政支局","code":"225500","address":"泰州市姜堰区罗塘街道蓝岳相府1号楼人民中路108－2、108－3、108－4","phone":"0523-88289126"},{"province":"江苏省","city":"泰州市","area":"姜堰区","name":"康华邮政支局","code":"225500","address":"泰州市姜堰区罗塘街道姜堰大道800号（康华新村1号楼）","phone":"0523-88050185"}]