[{"province":"江苏省","city":"南通市","area":"崇川区","name":"木行桥邮政支局","code":"226001","address":"江苏省南通市崇川区孩儿巷南路9号附3号","phone":"0513-85503290"},{"province":"江苏省","city":"南通市","area":"崇川区","name":"长桥邮政支局","code":"226001","address":"南通市崇川区环城南路11号","phone":"0513-85115029"},{"province":"江苏省","city":"南通市","area":"崇川区","name":"人民路邮政支局","code":"226001","address":"江苏省南通市崇川区人民中路51号","phone":"0513-85115109"},{"province":"江苏省","city":"南通市","area":"崇川区","name":"钟秀邮政支局","code":"226001","address":"江苏省南通市钟秀中路91号","phone":"0513-85189022"}]