[{"province":"江苏省","city":"南通市","area":"启东市","name":"吕四邮政支局","code":"226241","address":"江苏省南通市启东市吕四港镇鹤城中路411号（视同开办）","phone":"0513-68522917"},{"province":"江苏省","city":"南通市","area":"启东市","name":"大洋港邮政支局","code":"226241","address":"江苏省南通市启东市吕四港镇大洋港路","phone":"0513-83793396"},{"province":"江苏省","city":"南通市","area":"启东市","name":"节制闸邮政支局","code":"226241","address":"江苏省南通市启东市吕四港镇环城西路816号","phone":"0513-68522922"},{"province":"江苏省","city":"南通市","area":"启东市","name":"通兴邮政支局","code":"226241","address":"江苏省南通市启东市兆民镇汇吕街70号","phone":"0513-68522902"},{"province":"江苏省","city":"南通市","area":"启东市","name":"西宁邮政支局","code":"226241","address":"江苏省南通市启东市吕四港镇西宁街176号","phone":"0513-83299642"},{"province":"江苏省","city":"南通市","area":"启东市","name":"天汾邮政所","code":"226241","address":"江苏省南通市启东市天汾镇民营街20号（视同开办）","phone":"0513-68522885"}]