[{"province":"安徽省","city":"滁州市","area":"凤阳县","name":"中心邮政支局","code":"233100","address":"凤阳县府城镇府东街31号","phone":"13805508812"},{"province":"安徽省","city":"滁州市","area":"凤阳县","name":"中都邮政所","code":"233100","address":"安徽省滁州市凤阳县府东街72号","phone":"15255069377"},{"province":"安徽省","city":"滁州市","area":"凤阳县","name":"府城镇邮政所","code":"233100","address":"安徽省滁州市凤阳县右弼路南端西侧","phone":"13956282113"},{"province":"安徽省","city":"滁州市","area":"凤阳县","name":"安徽科技学院邮政所","code":"233100","address":"安徽省滁州市凤阳县东华路9号安徽科技学院","phone":"13026032326"}]