[{"province":"山东省","city":"日照市","area":"东港区","name":"郑州路邮政支局","code":"276826","address":"日照市石臼郑州路85号","phone":"0633-8351326"},{"province":"山东省","city":"日照市","area":"东港区","name":"海滨三路邮政支局","code":"276826","address":"日照市石臼海滨三路23号","phone":"0633-8351408"},{"province":"山东省","city":"日照市","area":"东港区","name":"烟台路邮政支局","code":"276826","address":"日照市新市区烟台路31号","phone":"0633-3631566"},{"province":"山东省","city":"日照市","area":"东港区","name":"大学科技园邮政支局","code":"276826","address":"日照新市区大学城学海路89号","phone":"0633-8712899"}]