[{"province":"浙江省","city":"杭州市","area":"钱塘区","name":"下沙高教邮政所（暂停）","code":"310018","address":"杭州市经济技术开发区学林街816号","phone":"0571-86912743"},{"province":"浙江省","city":"杭州市","area":"钱塘区","name":"杭州电子科技大学邮政所（暂停）","code":"310018","address":"浙江省杭州经济技术开发区学林街288号","phone":"0571-86919016"},{"province":"浙江省","city":"杭州市","area":"钱塘区","name":"浙江工商大学邮政所（暂停）","code":"310018","address":"杭州市经济技术开发区学正街18号","phone":"0571-28995050"},{"province":"浙江省","city":"杭州市","area":"钱塘区","name":"下沙邮政支局","code":"310018","address":"浙江省杭州市钱塘区白杨街道九号大街18号","phone":"0571-86911150"},{"province":"浙江省","city":"杭州市","area":"钱塘区","name":"听涛路邮政支局（暂停）","code":"310018","address":"杭州市经济技术开发区听涛路146-148","phone":"0571-85284925"},{"province":"浙江省","city":"杭州市","area":"钱塘区","name":"七格路邮政所","code":"310018","address":"浙江省杭州市钱塘区下沙街道七格路602号","phone":"13355712810"}]