[{"province":"浙江省","city":"杭州市","area":"淳安县","name":"红炉邮政所","code":"311700","address":"浙江淳安县千岛湖镇排岭南路71号","phone":"0571-64813294"},{"province":"浙江省","city":"杭州市","area":"淳安县","name":"鸿雁邮政所（暂停）","code":"311700","address":"浙江淳安县千岛湖镇新安大街47号","phone":"0571-64813281"},{"province":"浙江省","city":"杭州市","area":"淳安县","name":"南山邮政所","code":"311700","address":"浙江淳安县千岛湖镇开发路99号","phone":"0571-64883255"},{"province":"浙江省","city":"杭州市","area":"淳安县","name":"新北邮政所","code":"311700","address":"浙江省杭州市淳安县千岛湖镇阳光路1号一层南面的第9号、10号、11号商铺","phone":"0571-64825060"},{"province":"浙江省","city":"杭州市","area":"淳安县","name":"鼓山邮政所","code":"311700","address":"浙江省杭州市淳安县千岛湖丰家山131号","phone":"18857864810"}]