[{"province":"浙江省","city":"衢州市","area":"龙游县","name":"大众邮政支局","code":"324400","address":"浙江省衢州市龙游县龙洲街道大众路27号","phone":"0570-7022830"},{"province":"浙江省","city":"衢州市","area":"龙游县","name":"詹家邮政所","code":"324400","address":"浙江省衢州市龙游县詹家镇兴中路18号","phone":"0570-7071200"},{"province":"浙江省","city":"衢州市","area":"龙游县","name":"人民路邮政支局","code":"324400","address":"浙江省衢州市龙游县龙洲街道人民路227号","phone":"0570-7013787"},{"province":"浙江省","city":"衢州市","area":"龙游县","name":"太平路邮政支局","code":"324400","address":"浙江省衢州市龙游县龙洲街道太平西路65号","phone":"0570-7025606"},{"province":"浙江省","city":"衢州市","area":"龙游县","name":"詹家邮政所","code":"324400","address":"浙江省衢州市龙游县詹家镇兴中路18号","phone":"0570-7071200"},{"province":"浙江省","city":"衢州市","area":"龙游县","name":"人民路邮政支局","code":"324400","address":"浙江省衢州市龙游县龙洲街道人民路227号","phone":"0570-7013787"},{"province":"浙江省","city":"衢州市","area":"龙游县","name":"太平路邮政支局","code":"324400","address":"浙江省衢州市龙游县龙洲街道太平西路65号","phone":"0570-7025606"},{"province":"浙江省","city":"衢州市","area":"龙游县","name":"太平路邮政支局","code":"324400","address":"浙江省衢州市龙游县龙洲街道太平西路65号","phone":"0570-7025606"}]