[{"province":"浙江省","city":"温州市","area":"泰顺县","name":"西旸邮政所","code":"325509","address":"浙江温州泰顺西旸镇面前岭村","phone":"13958982360"},{"province":"浙江省","city":"温州市","area":"泰顺县","name":"三魁邮政支局","code":"325509","address":"泰顺县三魁镇燕水路248号","phone":"0577-67686728"},{"province":"浙江省","city":"温州市","area":"泰顺县","name":"东溪邮政所","code":"325509","address":"浙江温州泰顺东溪乡上村","phone":"13958982780"},{"province":"浙江省","city":"温州市","area":"泰顺县","name":"大安邮政所","code":"325509","address":"浙江省温州泰顺大安乡柳埠村兴安路117号","phone":"18757701002"}]