[{"province":"江西省","city":"上饶市","area":"鄱阳县","name":"大芝路邮政支局","code":"333100","address":"江西省鄱阳县鄱阳镇芝阳路183-185号","phone":"0793-6271055"},{"province":"江西省","city":"上饶市","area":"鄱阳县","name":"风雨山邮政支局","code":"333100","address":"江西省上饶市鄱阳县鄱阳镇风雨山西经二路38号","phone":"0793-6286031"},{"province":"江西省","city":"上饶市","area":"鄱阳县","name":"湖城邮政支局","code":"333100","address":"江西省上饶市鄱阳县鄱阳镇山水天下14-17幢一层中23号","phone":"0793-6267676"},{"province":"江西省","city":"上饶市","area":"鄱阳县","name":"东湖大道邮政支局","code":"333100","address":"江西省鄱阳县鄱阳镇东湖大道208号","phone":"0793-6209980"}]