[{"province":"福建省","city":"宁德市","area":"霞浦县","name":"太康路邮政支局","code":"355199","address":"福建省宁德市霞浦县龙首路49号114D","phone":"0593-8899484"},{"province":"福建省","city":"宁德市","area":"霞浦县","name":"东关邮政支局","code":"355199","address":"福建省宁德市霞浦县东关下街271号","phone":"0593-8058898"},{"province":"福建省","city":"宁德市","area":"霞浦县","name":"府前路邮政支局","code":"355199","address":"福建省霞浦县松城街道府前路283号101-103D","phone":"0593-8861130"},{"province":"福建省","city":"宁德市","area":"霞浦县","name":"东吾路邮政支局","code":"355199","address":"福建省宁德市霞浦县太康路578号F幢107D","phone":"0593-8813118"}]