[{"province":"湖南省","city":"益阳市","area":"赫山区","name":"大渡口邮政支局","code":"413001","address":"湖南省益阳市赫山区桃花仑大桃北路782","phone":"0737-4226601"},{"province":"湖南省","city":"益阳市","area":"赫山区","name":"火车站邮政支局","code":"413001","address":"湖南省益阳市赫山区朝阳金山万城国际12号门面","phone":"0737-6351211"},{"province":"湖南省","city":"益阳市","area":"赫山区","name":"金山邮政支局","code":"413001","address":"湖南省益阳市赫山区金银山金山北路226","phone":"0737-4207946"},{"province":"湖南省","city":"益阳市","area":"赫山区","name":"朝阳东路邮政支局","code":"413001","address":"湖南省益阳市赫山区朝阳街道桃花仑东路1000","phone":"0737-6502144"},{"province":"湖南省","city":"益阳市","area":"赫山区","name":"海塘邮政支局","code":"413001","address":"湖南省益阳市赫山区赫山街道桃花仑东路222号同星电器对面","phone":"0737-4441614"},{"province":"湖南省","city":"益阳市","area":"赫山区","name":"全丰邮政支局","code":"413001","address":"湖南省益阳市赫山区赫山街道十洲路茶叶市场23","phone":"0737-4437474"},{"province":"湖南省","city":"益阳市","area":"资阳区","name":"城内邮政支局","code":"413001","address":"湖南省益阳市赫山区桃花仑龙洲北路38","phone":"0737-3100441"},{"province":"湖南省","city":"益阳市","area":"资阳区","name":"汽车路邮政支局","code":"413001","address":"湖南省益阳市资阳区汽车路29号","phone":"0737-4322715"},{"province":"湖南省","city":"益阳市","area":"资阳区","name":"马良邮政支局","code":"413001","address":"湖南省益阳市资阳区五一东路93号","phone":"0737-4310743"}]