[{"province":"湖南省","city":"郴州市","area":"北湖区","name":"国庆路邮政支局","code":"423000","address":"郴州市国庆北路6号","phone":"0735-2244808"},{"province":"湖南省","city":"郴州市","area":"北湖区","name":"火车站邮政支局","code":"423000","address":"郴州市协作南路建设里","phone":"0735-2270022"},{"province":"湖南省","city":"郴州市","area":"北湖区","name":"香花路邮政支局","code":"423000","address":"郴州市北湖区桐梓坪路食品加工城","phone":"0735-2191069"},{"province":"湖南省","city":"郴州市","area":"北湖区","name":"梨树山邮政支局","code":"423000","address":"郴州市302大队","phone":"0735-2175558"},{"province":"湖南省","city":"郴州市","area":"苏仙区","name":"苏仙岭邮政支局","code":"423000","address":"郴州市苏仙南路48号","phone":"0735-2885776"},{"province":"湖南省","city":"郴州市","area":"苏仙区","name":"东街邮政所","code":"423000","address":"郴州市石榴湾社区","phone":"0735-2267170"},{"province":"湖南省","city":"郴州市","area":"苏仙区","name":"白鹿洞邮政所","code":"423000","address":"郴州市白鹿洞街道","phone":"0735-2167270"},{"province":"湖南省","city":"郴州市","area":"北湖区","name":"下湄桥邮政支局","code":"423000","address":"郴州市工业大道下湄桥5号","phone":"0735-2832931"},{"province":"湖南省","city":"郴州市","area":"北湖区","name":"五岭广场邮政支局","code":"423000","address":"郴州市五岭路10号","phone":"0735-2151303"}]