[{"province":"广东省","city":"广州市","area":"天河区","name":"东圃邮政支局","code":"510660","address":"广州市天河区东圃二马路62号，逢周六休息","phone":"020-82304273"},{"province":"广东省","city":"广州市","area":"黄埔区","name":"荔宁街邮政支局","code":"510660","address":"广东省广州市黄埔区荔宁街1号101房","phone":"13828418693"},{"province":"广东省","city":"广州市","area":"天河区","name":"羊城花园邮政支局","code":"510660","address":"广州市天河区中山大道中400-406号","phone":"020-82522813"},{"province":"广东省","city":"广州市","area":"天河区","name":"汇彩路邮政支局","code":"510660","address":"广州市天河区盈汇街8号首层、10号首层、12号商铺","phone":"020-32376205"}]