[{"province":"四川省","city":"凉山彝族自治州","area":"木里藏族自治县","name":"屋脚邮政所","code":"615802","address":"四川省凉山彝族自治州木里藏族自治县屋脚乡乡政府内","phone":"19983960991"},{"province":"四川省","city":"凉山彝族自治州","area":"木里藏族自治县","name":"牦牛坪邮政所","code":"615802","address":"四川省凉山彝族自治州木里藏族自治县牦牛坪乡乡政府内","phone":"15983424421"},{"province":"四川省","city":"凉山彝族自治州","area":"木里藏族自治县","name":"瓦厂邮政支局","code":"615802","address":"四川省凉山州木里县桃巴乡瓦厂场镇","phone":"18980289388"},{"province":"四川省","city":"凉山彝族自治州","area":"木里藏族自治县","name":"博科邮政所","code":"615802","address":"四川省凉山州木里县博科乡","phone":"13981589220"},{"province":"四川省","city":"凉山彝族自治州","area":"木里藏族自治县","name":"依吉邮政所","code":"615802","address":"四川省凉山州木里县依吉乡","phone":"19980284376"},{"province":"四川省","city":"凉山彝族自治州","area":"木里藏族自治县","name":"宁朗邮政所","code":"615802","address":"四川省凉山州木里县宁朗乡","phone":"18113361110"},{"province":"四川省","city":"凉山彝族自治州","area":"木里藏族自治县","name":"水洛邮政所","code":"615802","address":"四川省凉山州木里县水洛乡","phone":"18781514332"},{"province":"四川省","city":"凉山彝族自治州","area":"木里藏族自治县","name":"俄亚邮政所","code":"615802","address":"四川省凉山州木里县俄亚乡","phone":"15283400104"}]