[{"province":"四川省","city":"眉山市","area":"仁寿县","name":"识经邮政所","code":"620581","address":"四川省眉山市仁寿县禾加镇中胜社区百胜街329号","phone":"15892715182"},{"province":"四川省","city":"眉山市","area":"仁寿县","name":"禾加邮政支局","code":"620581","address":"四川省眉山市仁寿县禾加镇中街三段53号","phone":"028-36431843"},{"province":"四川省","city":"眉山市","area":"仁寿县","name":"板桥邮政所","code":"620581","address":"四川省眉山市仁寿县板桥镇仁顺路79号","phone":"18349693612"},{"province":"四川省","city":"眉山市","area":"仁寿县","name":"中农邮政所","code":"620581","address":"四川省眉山市仁寿县新店镇中农社区新街37号","phone":"15378646832"},{"province":"四川省","city":"眉山市","area":"仁寿县","name":"新店邮政所","code":"620581","address":"四川省眉山市仁寿县新店镇新富街116号","phone":"17381245925"},{"province":"四川省","city":"眉山市","area":"仁寿县","name":"禾加邮政所","code":"620581","address":"四川省眉山市仁寿县禾家镇西街128号","phone":"15756323075"},{"province":"四川省","city":"眉山市","area":"仁寿县","name":"河口邮政所","code":"620581","address":"四川省眉山市仁寿县板桥镇河口街81-83号","phone":"18140465717"},{"province":"四川省","city":"眉山市","area":"仁寿县","name":"双堡邮政所","code":"620581","address":"四川省眉山市仁寿县禾加镇双堡街道42号","phone":"18384747181"},{"province":"四川省","city":"眉山市","area":"仁寿县","name":"中农邮政支局","code":"620581","address":"四川省眉山市仁寿县新店镇中农社区新街39号","phone":"028-36321174"},{"province":"四川省","city":"眉山市","area":"仁寿县","name":"板桥邮政支局","code":"620581","address":"四川省眉山市仁寿县板桥镇仁顺路174号","phone":"028-36569135"}]