[{"province":"四川省","city":"眉山市","area":"仁寿县","name":"天贵邮政支局","code":"620575","address":"四川省眉山市仁寿县富加镇街心花园香炉街107、109、111、105号附15、16号","phone":"028-36402005"},{"province":"四川省","city":"眉山市","area":"仁寿县","name":"富加邮政支局","code":"620575","address":"四川省眉山市仁寿县富加镇富兴路下段65号","phone":"028-36401843"},{"province":"四川省","city":"眉山市","area":"仁寿县","name":"藕塘邮政支局","code":"620575","address":"四川省眉山市仁寿县藕塘镇中心街102号","phone":"17341960606"},{"province":"四川省","city":"眉山市","area":"仁寿县","name":"玉龙邮政所","code":"620575","address":"四川省眉山市仁寿县富加镇玉龙社区纸厂街10号","phone":"18244327819"},{"province":"四川省","city":"眉山市","area":"仁寿县","name":"富加邮政所","code":"620575","address":"四川省眉山市仁寿县富加镇富兴路下段65号（63号）","phone":"13890394168"},{"province":"四川省","city":"眉山市","area":"仁寿县","name":"石咀邮政所","code":"620575","address":"四川省眉山市仁寿县藕塘镇代寺下街50号","phone":"13330937210"},{"province":"四川省","city":"眉山市","area":"仁寿县","name":"农旺邮政所","code":"620575","address":"四川省眉山市仁寿县藕塘镇农旺社区6组17号","phone":"18048786893"}]