[{"province":"四川省","city":"达州市","area":"渠县","name":"贵福邮政所","code":"635204","address":"四川省达州市渠县贵福镇建新街6号","phone":"19881890779"},{"province":"四川省","city":"达州市","area":"渠县","name":"贵福邮政支局","code":"635204","address":"四川省达州市渠县贵福镇建新街2号","phone":"0818-7710006"},{"province":"四川省","city":"达州市","area":"渠县","name":"柏水邮政所","code":"635204","address":"四川省达州市渠县贵福镇柏水社区街道42号","phone":"13778319309"},{"province":"四川省","city":"达州市","area":"渠县","name":"千佛邮政所","code":"635204","address":"四川省达州市渠县贵福镇千佛社区龙井路88号","phone":"13568357368"},{"province":"四川省","city":"达州市","area":"渠县","name":"大义邮政所","code":"635204","address":"四川省达州市渠县大义乡大义社区三组26号","phone":"19511777128"},{"province":"四川省","city":"达州市","area":"渠县","name":"义和邮政所","code":"635204","address":"四川省达州市渠县大义乡义和社区街道9号","phone":"13882827522"}]