[{"province":"四川省","city":"南充市","area":"顺庆区","name":"红光路邮政支局","code":"637599","address":"四川省南充市顺庆区红光街82号","phone":"0817-2710131"},{"province":"四川省","city":"南充市","area":"顺庆区","name":"人民中路邮政所","code":"637599","address":"四川省南充市顺庆区人民中路57号","phone":"0817-2222098"},{"province":"四川省","city":"南充市","area":"顺庆区","name":"延安路邮政所","code":"637599","address":"四川省南充市顺庆区延安路511号","phone":"0817-2816712"},{"province":"四川省","city":"南充市","area":"顺庆区","name":"大北街邮政所","code":"637599","address":"四川省南充市大北街138号","phone":"0817-2244401"},{"province":"四川省","city":"南充市","area":"顺庆区","name":"凤天路邮政所","code":"637599","address":"四川省南充市顺庆区凤天路6号","phone":"0817-7122219"},{"province":"四川省","city":"南充市","area":"顺庆区","name":"涪江路邮政支局","code":"637599","address":"四川省南充市顺庆区涪江路127号","phone":"0817-2715316"},{"province":"四川省","city":"南充市","area":"顺庆区","name":"石油大学邮政所","code":"637599","address":"邮院路30号","phone":"0817-2601151"},{"province":"四川省","city":"南充市","area":"顺庆区","name":"驻春路邮政所","code":"637599","address":"四川省南充市顺庆区驻春路39号","phone":"0817-2319133"},{"province":"四川省","city":"南充市","area":"顺庆区","name":"镇江西路邮政所","code":"637599","address":"中国邮政集团有限公司南充市镇江西路二段101号","phone":"0817-2226506"}]